{
    "camera_sony": {
        "translation": {
            "x": -0.02237616,
            "y": 0.03640337,
            "z": -0.03720605,
            "comment": "z is calculated as -0.07720605 + 0.04"
        },
        "rotation": {
            "x": 0.00848504,
            "y": 0.08817103,
            "z": 0.0132967,
            "w": -0.99598046
        }
    },
    "robomaster_0": {
        "translation": {
            "x": -0.06623364,
            "y": -0.01578911,
            "z": 0.04162313,
            "comment": "z is calculated as -0.10837687 + 0.15"
        },
        "rotation": {
            "x": 0.01636499,
            "y": 0.00846043,
            "z": 0.99976457,
            "w": -0.01146363
        }
    },
    "robomaster_1": {
        "translation": {
            "x": -0.10252233,
            "y": -0.02990459,
            "z": 0.03558257,
            "comment": "z is calculated as -0.11441743 + 0.15"
        },
        "rotation": {
            "x": 0.00451558,
            "y": 0.01577309,
            "z": 0.9998589,
            "w": -0.00360588
        }
    }
}